PMID,Title,Year,Journal,URL,DOI,RelevanceReason
"41536573","Understanding and Addressing Bias in Artificial Intelligence Systems: A Primer for the Emergency Medicine Physician.","2026","Journal of the American College of Emergency Physicians open","https://pubmed.ncbi.nlm.nih.gov/41536573/","https://doi.org/10.1016/j.acepjo.2025.100311","strong_keyword"
"39695057","The Algorithmic Divide: A Systematic Review on AI-Driven Racial Disparities in Healthcare.","2026","Journal of racial and ethnic health disparities","https://pubmed.ncbi.nlm.nih.gov/39695057/","https://doi.org/10.1007/s40615-024-02237-0","strong_keyword"
"41339188","Rethinking fairness in AI to improve current practice in oncology.","2026","Trends in cancer","https://pubmed.ncbi.nlm.nih.gov/41339188/","https://doi.org/10.1016/j.trecan.2025.11.005","bias+ai"
"41032683","Regulating AI in Nursing and Healthcare: Ensuring Safety, Equity, and Accessibility in the Era of Federal Innovation Policy.","2026","Policy, politics & nursing practice","https://pubmed.ncbi.nlm.nih.gov/41032683/","https://doi.org/10.1177/15271544251381228","strong_keyword"
"41556569","Mapping Algorithmic Bias in AI-Powered Electrocardiogram Interpretation Across the AI Life Cycle: Protocol for a Scoping Review.","2026","JMIR research protocols","https://pubmed.ncbi.nlm.nih.gov/41556569/","https://doi.org/10.2196/82486","strong_keyword"
"41604946","Gender-based data bias and model fairness evaluation in benchmarked open-access disease prediction datasets.","2026","Computers in biology and medicine","https://pubmed.ncbi.nlm.nih.gov/41604946/","https://doi.org/10.1016/j.compbiomed.2026.111503","strong_keyword"
"41682156","Federated Learning in Healthcare Ethics: A Systematic Review of Privacy-Preserving and Equitable Medical AI.","2026","Healthcare (Basel, Switzerland)","https://pubmed.ncbi.nlm.nih.gov/41682156/","https://doi.org/10.3390/healthcare14030306","strong_keyword"
"41202615","FairREAD: Re-fusing demographic attributes after disentanglement for fair medical image classification.","2026","Medical image analysis","https://pubmed.ncbi.nlm.nih.gov/41202615/","https://doi.org/10.1016/j.media.2025.103858","bias+ai"
"41522832","Evaluation and improvement of algorithmic fairness for COVID-19 severity classification using Explainable Artificial Intelligence-based bias mitigation.","2026","JAMIA open","https://pubmed.ncbi.nlm.nih.gov/41522832/","https://doi.org/10.1093/jamiaopen/ooaf171","strong_keyword"
"41553870","Enhancing Fairness in Large Language Models for Clinical Artificial Intelligence Applications Through Fine-Tuning and Prompting.","2026","Journal of visualized experiments : JoVE","https://pubmed.ncbi.nlm.nih.gov/41553870/","https://doi.org/10.3791/69132","bias+ai"
"41681030","Demographic-aware deep learning for multi-organ segmentation: Mitigating gender and age biases in CT images.","2026","Medical physics","https://pubmed.ncbi.nlm.nih.gov/41681030/","https://doi.org/10.1002/mp.70322","strong_keyword"
"41144296","Biases in an artificial intelligence image-generator's depictions of healthy aging and Alzheimer's.","2026","Journal of the American Medical Informatics Association : JAMIA","https://pubmed.ncbi.nlm.nih.gov/41144296/","https://doi.org/10.1093/jamia/ocaf173","bias+ai"
"41627658","Bias and Oversight in Clinical AI: A Review of Decision Support Tools and Equity Frameworks.","2026","Journal of general internal medicine","https://pubmed.ncbi.nlm.nih.gov/41627658/","https://doi.org/10.1007/s11606-026-10229-5","strong_keyword"
"41115175","Artificial Intelligence and Health Equity.","2026","Annual review of medicine","https://pubmed.ncbi.nlm.nih.gov/41115175/","https://doi.org/10.1146/annurev-med-043024-125309","strong_keyword"
"41533193","Addressing Health Disparities through Community Engagement in Artificial Intelligence-Driven Prevention Science.","2026","Prevention science : the official journal of the Society for Prevention Research","https://pubmed.ncbi.nlm.nih.gov/41533193/","https://doi.org/10.1007/s11121-025-01863-2","strong_keyword"
"41680855","AI/ML-based strategies for enhancing equity, diversity, and inclusion in randomized clinical trials.","2026","Trials","https://pubmed.ncbi.nlm.nih.gov/41680855/","https://doi.org/10.1186/s13063-026-09537-2","strong_keyword"
"39671751","Where, why, and how is bias learned in medical image analysis models? A study of bias encoding within convolutional networks using synthetic data.","2025","EBioMedicine","https://pubmed.ncbi.nlm.nih.gov/39671751/","https://doi.org/10.1016/j.ebiom.2024.105501","bias+ai"
"41460829","When noise mitigates bias in human-algorithm decision-making: An agent-based model.","2025","PloS one","https://pubmed.ncbi.nlm.nih.gov/41460829/","https://doi.org/10.1371/journal.pone.0339273","bias+ai"
"39569464","Using human factors methods to mitigate bias in artificial intelligence-based clinical decision support.","2025","Journal of the American Medical Informatics Association : JAMIA","https://pubmed.ncbi.nlm.nih.gov/39569464/","https://doi.org/10.1093/jamia/ocae291","strong_keyword"
"40780075","Understanding the development, performance, fairness, and transparency of machine learning models used in child protection prediction: A systematic review.","2025","Child abuse & neglect","https://pubmed.ncbi.nlm.nih.gov/40780075/","https://doi.org/10.1016/j.chiabu.2025.107630","bias+ai"
"40514386","Uncovering ethical biases in publicly available fetal ultrasound datasets.","2025","NPJ digital medicine","https://pubmed.ncbi.nlm.nih.gov/40514386/","https://doi.org/10.1038/s41746-025-01739-3","bias+ai"
"39500799","Unbiased and reproducible liver MRI-PDFF estimation using a scan protocol-informed deep learning method.","2025","European radiology","https://pubmed.ncbi.nlm.nih.gov/39500799/","https://doi.org/10.1007/s00330-024-11164-x","bias+ai"
"39495690","UnBias: Unveiling Bias Implications in Deep Learning Models for Healthcare Applications.","2025","IEEE journal of biomedical and health informatics","https://pubmed.ncbi.nlm.nih.gov/39495690/","https://doi.org/10.1109/JBHI.2024.3484951","bias+ai"
"40806968","Transforming Cancer Care: A Narrative Review on Leveraging Artificial Intelligence to Advance Immunotherapy in Underserved Communities.","2025","Journal of clinical medicine","https://pubmed.ncbi.nlm.nih.gov/40806968/","https://doi.org/10.3390/jcm14155346","strong_keyword"
"40122892","Towards fairness-aware and privacy-preserving enhanced collaborative learning for healthcare.","2025","Nature communications","https://pubmed.ncbi.nlm.nih.gov/40122892/","https://doi.org/10.1038/s41467-025-58055-3","strong_keyword"
"40899524","Towards Fairness in Synthetic Healthcare Data: A Framework for the Evaluation of Synthetization Algorithms.","2025","Studies in health technology and informatics","https://pubmed.ncbi.nlm.nih.gov/40899524/","https://doi.org/10.3233/SHTI251376","bias+ai"
"40764552","Toward a fair, gender-debiased classifier for the diagnosis of attention deficit/hyperactivity disorder- a Machine-Learning based classification study.","2025","BMC medical informatics and decision making","https://pubmed.ncbi.nlm.nih.gov/40764552/","https://doi.org/10.1186/s12911-025-03126-0","bias+ai"
"40926431","The role of AI for improved management of breast cancer: Enhanced diagnosis and health disparity mitigation.","2025","Computer methods and programs in biomedicine","https://pubmed.ncbi.nlm.nih.gov/40926431/","https://doi.org/10.1016/j.cmpb.2025.109036","strong_keyword"
"39488857","The bias algorithm: how AI in healthcare exacerbates ethnic and racial disparities - a scoping review.","2025","Ethnicity & health","https://pubmed.ncbi.nlm.nih.gov/39488857/","https://doi.org/10.1080/13557858.2024.2422848","strong_keyword"
"39386055","The Impact of Race, Ethnicity, and Sex on Fairness in Artificial Intelligence for Glaucoma Prediction Models.","2025","Ophthalmology science","https://pubmed.ncbi.nlm.nih.gov/39386055/","https://doi.org/10.1016/j.xops.2024.100596","bias+ai"
"39919295","The Efficacy of Conversational AI in Rectifying the Theory-of-Mind and Autonomy Biases: Comparative Analysis.","2025","JMIR mental health","https://pubmed.ncbi.nlm.nih.gov/39919295/","https://doi.org/10.2196/64396","bias+ai"
"39701919","Tackling algorithmic bias and promoting transparency in health datasets: the STANDING Together consensus recommendations.","2025","The Lancet. Digital health","https://pubmed.ncbi.nlm.nih.gov/39701919/","https://doi.org/10.1016/S2589-7500(24)00224-3","strong_keyword"
"40768261","Stakeholder Perspectives on Trustworthy AI for Parkinson Disease Management Using a Cocreation Approach: Qualitative Exploratory Study.","2025","Journal of medical Internet research","https://pubmed.ncbi.nlm.nih.gov/40768261/","https://doi.org/10.2196/73710","strong_keyword"
"40195448","Sociodemographic biases in medical decision making by large language models.","2025","Nature medicine","https://pubmed.ncbi.nlm.nih.gov/40195448/","https://doi.org/10.1038/s41591-025-03626-6","bias+ai"
"39532254","Sociodemographic bias in clinical machine learning models: a scoping review of algorithmic bias instances and mechanisms.","2025","Journal of clinical epidemiology","https://pubmed.ncbi.nlm.nih.gov/39532254/","https://doi.org/10.1016/j.jclinepi.2024.111606","strong_keyword"
"40343639","Shortcut learning leads to sex bias in deep learning models for photoacoustic tomography.","2025","International journal of computer assisted radiology and surgery","https://pubmed.ncbi.nlm.nih.gov/40343639/","https://doi.org/10.1007/s11548-025-03370-9","strong_keyword"
"40095575","Shaping the Future of Healthcare: Ethical Clinical Challenges and Pathways to Trustworthy AI.","2025","Journal of clinical medicine","https://pubmed.ncbi.nlm.nih.gov/40095575/","https://doi.org/10.3390/jcm14051605","strong_keyword"
"39874747","Sex-Based Bias in Artificial Intelligence-Based Segmentation Models in Clinical Oncology.","2025","Clinical oncology (Royal College of Radiologists (Great Britain))","https://pubmed.ncbi.nlm.nih.gov/39874747/","https://doi.org/10.1016/j.clon.2025.103758","strong_keyword"
"40599184","Revolutionizing gastroenterology and hepatology with artificial intelligence: From precision diagnosis to equitable healthcare through interdisciplinary practice.","2025","World journal of gastroenterology","https://pubmed.ncbi.nlm.nih.gov/40599184/","https://doi.org/10.3748/wjg.v31.i24.108021","strong_keyword"
"40940963","Revolutionizing Oncology Through AI: Addressing Cancer Disparities by Improving Screening, Treatment, and Survival Outcomes via Integration of Social Determinants of Health.","2025","Cancers","https://pubmed.ncbi.nlm.nih.gov/40940963/","https://doi.org/10.3390/cancers17172866","bias+ai"
"40198849","Revisiting Technical Bias Mitigation Strategies.","2025","Annual review of biomedical data science","https://pubmed.ncbi.nlm.nih.gov/40198849/","https://doi.org/10.1146/annurev-biodatasci-103123-095737","strong_keyword"
"40865545","Representation and Bias in Artificial Intelligence Models for Thyroid Cancer: A Systematic Review.","2025","Thyroid : official journal of the American Thyroid Association","https://pubmed.ncbi.nlm.nih.gov/40865545/","https://doi.org/10.1177/10507256251372175","strong_keyword"
"40467886","Racial bias in AI-mediated psychiatric diagnosis and treatment: a qualitative comparison of four large language models.","2025","NPJ digital medicine","https://pubmed.ncbi.nlm.nih.gov/40467886/","https://doi.org/10.1038/s41746-025-01746-4","strong_keyword"
"41040699","Privacy-Enhancing Sequential Learning under Heterogeneous Selection Bias in Multi-Site EHR Data.","2025","medRxiv : the preprint server for health sciences","https://pubmed.ncbi.nlm.nih.gov/41040699/","https://doi.org/10.1101/2025.09.26.25336642","strong_keyword"
"40152140","Predicting postoperative chronic opioid use with fair machine learning models integrating multi-modal data sources: a demonstration of ethical machine learning in healthcare.","2025","Journal of the American Medical Informatics Association : JAMIA","https://pubmed.ncbi.nlm.nih.gov/40152140/","https://doi.org/10.1093/jamia/ocaf053","strong_keyword"
"39970491","Predicting cancer survival at different stages: Insights from fair and explainable machine learning approaches.","2025","International journal of medical informatics","https://pubmed.ncbi.nlm.nih.gov/39970491/","https://doi.org/10.1016/j.ijmedinf.2025.105822","bias+ai"
"36823101","Practical, epistemic and normative implications of algorithmic bias in healthcare artificial intelligence: a qualitative study of multidisciplinary expert perspectives.","2025","Journal of medical ethics","https://pubmed.ncbi.nlm.nih.gov/36823101/","https://doi.org/10.1136/jme-2022-108850","strong_keyword"
"41372566","Potential for Algorithmic Bias in Clinical Decision Instrument Development.","2025","NPJ digital medicine","https://pubmed.ncbi.nlm.nih.gov/41372566/","https://doi.org/10.1038/s41746-025-02119-7","strong_keyword"
"40392092","Pitfalls and Best Practices in Evaluation of AI Algorithmic Biases in Radiology.","2025","Radiology","https://pubmed.ncbi.nlm.nih.gov/40392092/","https://doi.org/10.1148/radiol.241674","strong_keyword"
"40644344","Neural correlates of evaluative bias against artificial intelligence-labeled versus human-labeled artworks.","2025","Social cognitive and affective neuroscience","https://pubmed.ncbi.nlm.nih.gov/40644344/","https://doi.org/10.1093/scan/nsaf071","bias+ai"
"40196288","Navigating Fairness in AI-based Prediction Models: Theoretical Constructs and Practical Applications.","2025","medRxiv : the preprint server for health sciences","https://pubmed.ncbi.nlm.nih.gov/40196288/","https://doi.org/10.1101/2025.03.24.25324500","bias+ai"
"40392095","Navigating Bias and Fairness in AI.","2025","Radiology","https://pubmed.ncbi.nlm.nih.gov/40392095/","https://doi.org/10.1148/radiol.250081","bias+ai"
"41118361","Multilingual voice-enabled informatics tools: Catalyst for equitable AI in HIV and HIV-comorbidity healthcare management.","2025","PloS one","https://pubmed.ncbi.nlm.nih.gov/41118361/","https://doi.org/10.1371/journal.pone.0332573","strong_keyword"
"39825353","Mitigating bias in AI mortality predictions for minority populations: a transfer learning approach.","2025","BMC medical informatics and decision making","https://pubmed.ncbi.nlm.nih.gov/39825353/","https://doi.org/10.1186/s12911-025-02862-7","strong_keyword"
"40699955","Mitigating Data Bias in Healthcare AI with Self-Supervised Standardization.","2025","IEEE journal of biomedical and health informatics","https://pubmed.ncbi.nlm.nih.gov/40699955/","https://doi.org/10.1109/JBHI.2025.3588196","strong_keyword"
"40696767","Minimizing Racial Algorithmic Bias when Predicting Electronic Health Record Data Completeness.","2025","Clinical pharmacology and therapeutics","https://pubmed.ncbi.nlm.nih.gov/40696767/","https://doi.org/10.1002/cpt.3758","strong_keyword"
"41459572","Machine learning-based mortality prediction in critically ill patients with hypertension: comparative analysis, fairness, and interpretability.","2025","Frontiers in artificial intelligence","https://pubmed.ncbi.nlm.nih.gov/41459572/","https://doi.org/10.3389/frai.2025.1686378","bias+ai"
"41255988","Lack of children in public medical imaging data points to growing age bias in biomedical AI.","2025","Research square","https://pubmed.ncbi.nlm.nih.gov/41255988/","https://doi.org/10.21203/rs.3.rs-7713694/v1","strong_keyword"
"40661269","Lack of children in public medical imaging data points to growing age bias in biomedical AI.","2025","medRxiv : the preprint server for health sciences","https://pubmed.ncbi.nlm.nih.gov/40661269/","https://doi.org/10.1101/2025.06.06.25328913","strong_keyword"
"39444135","Laboratory Data as a Potential Source of Bias in Healthcare Artificial Intelligence and Machine Learning Models.","2025","Annals of laboratory medicine","https://pubmed.ncbi.nlm.nih.gov/39444135/","https://doi.org/10.3343/alm.2024.0323","strong_keyword"
"40171421","Integrating health equity in artificial intelligence for public health in Canada: a rapid narrative review.","2025","Frontiers in public health","https://pubmed.ncbi.nlm.nih.gov/40171421/","https://doi.org/10.3389/fpubh.2025.1524616","strong_keyword"
"40863668","Integrating Artificial Intelligence into Perinatal Care Pathways: A Scoping Review of Reviews of Applications, Outcomes, and Equity.","2025","Nursing reports (Pavia, Italy)","https://pubmed.ncbi.nlm.nih.gov/40863668/","https://doi.org/10.3390/nursrep15080281","strong_keyword"
"40378901","Innovations in maternal-fetal dermatology: A focus on artificial intelligence-driven diagnostics, global disparities, and transformative care.","2025","Clinics in dermatology","https://pubmed.ncbi.nlm.nih.gov/40378901/","https://doi.org/10.1016/j.clindermatol.2025.05.013","bias+ai"
"39953146","Improving medical machine learning models with generative balancing for equity and excellence.","2025","NPJ digital medicine","https://pubmed.ncbi.nlm.nih.gov/39953146/","https://doi.org/10.1038/s41746-025-01438-z","strong_keyword"
"41393018","Implicit bias in digital health: systematic biases in large language models' representation of global public health attitudes and challenges to health equity.","2025","Frontiers in public health","https://pubmed.ncbi.nlm.nih.gov/41393018/","https://doi.org/10.3389/fpubh.2025.1705082","strong_keyword"
"41326577","Impacts of cognitive forcing and need for cognition on biased AI-assisted decision making about mental health emergencies.","2025","Scientific reports","https://pubmed.ncbi.nlm.nih.gov/41326577/","https://doi.org/10.1038/s41598-025-30506-3","bias+ai"
"40473916","Identifying and mitigating algorithmic bias in the safety net.","2025","NPJ digital medicine","https://pubmed.ncbi.nlm.nih.gov/40473916/","https://doi.org/10.1038/s41746-025-01732-w","strong_keyword"
"40053403","Health equity in the era of large language models.","2025","The American journal of managed care","https://pubmed.ncbi.nlm.nih.gov/40053403/","https://doi.org/10.37765/ajmc.2025.89695","strong_keyword"
"41264894","Health Equity Considerations in the Age of Artificial Intelligence.","2025","Neurology","https://pubmed.ncbi.nlm.nih.gov/41264894/","https://doi.org/10.1212/WNL.0000000000214356","strong_keyword"
"41163810","Gender and racial bias unveiled: clinical artificial intelligence (AI) and machine learning (ML) algorithms are fanning the flames of inequity.","2025","Oxford open digital health","https://pubmed.ncbi.nlm.nih.gov/41163810/","https://doi.org/10.1093/oodh/oqaf027","strong_keyword"
"41623885","Federated multimodal AI for precision-equitable diabetes care.","2025","Frontiers in digital health","https://pubmed.ncbi.nlm.nih.gov/41623885/","https://doi.org/10.3389/fdgth.2025.1678047","strong_keyword"
"41228128","Federated Learning in Public Health: A Systematic Review of Decentralized, Equitable, and Secure Disease Prevention Approaches.","2025","Healthcare (Basel, Switzerland)","https://pubmed.ncbi.nlm.nih.gov/41228128/","https://doi.org/10.3390/healthcare13212760","strong_keyword"
"40624414","Fairness of machine learning readmission predictions following open ventral hernia repair.","2025","Surgical endoscopy","https://pubmed.ncbi.nlm.nih.gov/40624414/","https://doi.org/10.1007/s00464-025-11927-7","bias+ai"
"40517328","FairICP: identifying biases and increasing transparency at the point of care in post-implementation clinical decision support using inductive conformal prediction.","2025","Journal of the American Medical Informatics Association : JAMIA","https://pubmed.ncbi.nlm.nih.gov/40517328/","https://doi.org/10.1093/jamia/ocaf095","bias+ai"
"41100248","FairFedMed: Benchmarking Group Fairness in Federated Medical Imaging with FairLoRA.","2025","IEEE transactions on medical imaging","https://pubmed.ncbi.nlm.nih.gov/41100248/","https://doi.org/10.1109/TMI.2025.3622522","bias+ai"
"40776262","FairFML: A Unified Approach to Algorithmic Fair Federated Learning with Applications to Reducing Gender Disparities in Cardiac Arrest Outcomes.","2025","Studies in health technology and informatics","https://pubmed.ncbi.nlm.nih.gov/40776262/","https://doi.org/10.3233/SHTI251245","bias+ai"
"40184460","FairDiffusion: Enhancing equity in latent diffusion models via fair Bayesian perturbation.","2025","Science advances","https://pubmed.ncbi.nlm.nih.gov/40184460/","https://doi.org/10.1126/sciadv.ads4593","strong_keyword"
"40831669","Fair Text to Medical Image Diffusion Model with Subgroup Distribution Aligned Tuning.","2025","Proceedings of SPIE--the International Society for Optical Engineering","https://pubmed.ncbi.nlm.nih.gov/40831669/","https://doi.org/10.1117/12.3046450","bias+ai"
"39704065","Facilitators and Barriers to Increasing Equity in Cystic Fibrosis Newborn Screening Algorithms.","2025","Pediatric pulmonology","https://pubmed.ncbi.nlm.nih.gov/39704065/","https://doi.org/10.1002/ppul.27449","strong_keyword"
"40253926","Exploring trade-offs in equitable stroke risk prediction with parity-constrained and race-free models.","2025","Artificial intelligence in medicine","https://pubmed.ncbi.nlm.nih.gov/40253926/","https://doi.org/10.1016/j.artmed.2025.103130","strong_keyword"
"41102216","Exploring biases related to the use of large language models in a multilingual depression corpus.","2025","Scientific reports","https://pubmed.ncbi.nlm.nih.gov/41102216/","https://doi.org/10.1038/s41598-025-19980-x","bias+ai"
"40111287","Exploring Biases of Large Language Models in the Field of Mental Health: Comparative Questionnaire Study of the Effect of Gender and Sexual Orientation in Anorexia Nervosa and Bulimia Nervosa Case Vignettes.","2025","JMIR mental health","https://pubmed.ncbi.nlm.nih.gov/40111287/","https://doi.org/10.2196/57986","bias+ai"
"40354109","Evaluation and Bias Analysis of Large Language Models in Generating Synthetic Electronic Health Records: Comparative Study.","2025","Journal of medical Internet research","https://pubmed.ncbi.nlm.nih.gov/40354109/","https://doi.org/10.2196/65317","bias+ai"
"40616933","Evaluating the Performance and Potential Bias of Predictive Models for Detection of Transthyretin Cardiac Amyloidosis.","2025","JACC. Advances","https://pubmed.ncbi.nlm.nih.gov/40616933/","https://doi.org/10.1016/j.jacadv.2025.101901","bias+ai"
"40495929","Evaluating artificial intelligence bias in nephrology: the role of diversity, equity, and inclusion in AI-driven decision-making and ethical regulation.","2025","Frontiers in artificial intelligence","https://pubmed.ncbi.nlm.nih.gov/40495929/","https://doi.org/10.3389/frai.2025.1525937","strong_keyword"
"40269315","Evaluating and mitigating bias in AI-based medical text generation.","2025","Nature computational science","https://pubmed.ncbi.nlm.nih.gov/40269315/","https://doi.org/10.1038/s43588-025-00789-7","strong_keyword"
"40011901","Evaluating and addressing demographic disparities in medical large language models: a systematic review.","2025","International journal for equity in health","https://pubmed.ncbi.nlm.nih.gov/40011901/","https://doi.org/10.1186/s12939-025-02419-0","bias+ai"
"40629303","Evaluating accountability, transparency, and bias in AI-assisted healthcare decision- making: a qualitative study of healthcare professionals' perspectives in the UK.","2025","BMC medical ethics","https://pubmed.ncbi.nlm.nih.gov/40629303/","https://doi.org/10.1186/s12910-025-01243-z","strong_keyword"
"40633920","Ethical Implications of Artificial Intelligence in Vaccine Equity: Protocol for Exploring Vaccine Distribution Planning and Scheduling in Pandemics in Low- and Middle-Income Countries.","2025","JMIR research protocols","https://pubmed.ncbi.nlm.nih.gov/40633920/","https://doi.org/10.2196/76634","strong_keyword"
"40756387","Ethical AI in medical text generation: balancing innovation with privacy in public health.","2025","Frontiers in public health","https://pubmed.ncbi.nlm.nih.gov/40756387/","https://doi.org/10.3389/fpubh.2025.1583507","strong_keyword"
"40026843","Equitable hospital length of stay prediction for patients with learning disabilities and multiple long-term conditions using machine learning.","2025","Frontiers in digital health","https://pubmed.ncbi.nlm.nih.gov/40026843/","https://doi.org/10.3389/fdgth.2025.1538793","strong_keyword"
"40997128","Equitable AI: Exploring the role of gender in poverty estimation models using geospatial data.","2025","PloS one","https://pubmed.ncbi.nlm.nih.gov/40997128/","https://doi.org/10.1371/journal.pone.0332193","strong_keyword"
"39958549","Enhancing rectal cancer liver metastasis prediction: Magnetic resonance imaging-based radiomics, bias mitigation, and regulatory considerations.","2025","World journal of gastrointestinal oncology","https://pubmed.ncbi.nlm.nih.gov/39958549/","https://doi.org/10.4251/wjgo.v17.i2.102151","strong_keyword"
"39075715","Empowering nurses to champion Health equity & BE FAIR: Bias elimination for fair and responsible AI in healthcare.","2025","Journal of nursing scholarship : an official publication of Sigma Theta Tau International Honor Society of Nursing","https://pubmed.ncbi.nlm.nih.gov/39075715/","https://doi.org/10.1111/jnu.13007","strong_keyword"
"40726749","Empirical Comparison of Post-processing Debiasing Methods for Machine Learning Classifiers in Healthcare.","2025","Journal of healthcare informatics research","https://pubmed.ncbi.nlm.nih.gov/40726749/","https://doi.org/10.1007/s41666-025-00196-7","strong_keyword"
"40079820","Emerging algorithmic bias: fairness drift as the next dimension of model maintenance and sustainability.","2025","Journal of the American Medical Informatics Association : JAMIA","https://pubmed.ncbi.nlm.nih.gov/40079820/","https://doi.org/10.1093/jamia/ocaf039","strong_keyword"
"40111867","Easy ensemble classifier-group and intersectional fairness and threshold (EEC-GIFT): a fairness-aware machine learning framework for lung cancer screening eligibility using real-world data.","2025","JNCI cancer spectrum","https://pubmed.ncbi.nlm.nih.gov/40111867/","https://doi.org/10.1093/jncics/pkaf030","strong_keyword"
"40631724","Disaggregating Health Differences and Disparities With Machine Learning and Observed-to-expected Ratios: Application to Major Lower Limb Amputation.","2025","Epidemiology (Cambridge, Mass.)","https://pubmed.ncbi.nlm.nih.gov/40631724/","https://doi.org/10.1097/EDE.0000000000001892","bias+ai"
"40113922","Digital pathways connecting social and biological factors to health outcomes and equity.","2025","NPJ digital medicine","https://pubmed.ncbi.nlm.nih.gov/40113922/","https://doi.org/10.1038/s41746-025-01564-8","strong_keyword"
"41292658","Develop and Validate A Fair Machine Learning Model to Indentify Patients with High Care-Continuity in Electronic Health Records Data.","2025","medRxiv : the preprint server for health sciences","https://pubmed.ncbi.nlm.nih.gov/41292658/","https://doi.org/10.1101/2025.11.11.25339938","strong_keyword"
"40683994","Demographic inaccuracies and biases in the depiction of patients by artificial intelligence text-to-image generators.","2025","NPJ digital medicine","https://pubmed.ncbi.nlm.nih.gov/40683994/","https://doi.org/10.1038/s41746-025-01817-6","bias+ai"
"40138420","Demographic bias of expert-level vision-language foundation models in medical imaging.","2025","Science advances","https://pubmed.ncbi.nlm.nih.gov/40138420/","https://doi.org/10.1126/sciadv.adq0305","bias+ai"
"41406939","Contrastive learning enhances fairness in pathology artificial intelligence systems.","2025","Cell reports. Medicine","https://pubmed.ncbi.nlm.nih.gov/41406939/","https://doi.org/10.1016/j.xcrm.2025.102527","bias+ai"
"41502566","Considerations for evaluating the practical utility of machine learning in suicide risk estimation: the role of cost and equity.","2025","Research square","https://pubmed.ncbi.nlm.nih.gov/41502566/","https://doi.org/10.21203/rs.3.rs-8216032/v1","strong_keyword"
"41607892","Can AI developers avoid bias in public health applications?","2025","Frontiers in public health","https://pubmed.ncbi.nlm.nih.gov/41607892/","https://doi.org/10.3389/fpubh.2025.1752729","bias+ai"
"40978155","Can AI Bridge or Widen Maternal Health Inequities?","2025","Public health challenges","https://pubmed.ncbi.nlm.nih.gov/40978155/","https://doi.org/10.1002/puh2.70119","strong_keyword"
"40312417","Building health systems capable of leveraging AI: applying Paul Farmer's 5S framework for equitable global health.","2025","BMC global and public health","https://pubmed.ncbi.nlm.nih.gov/40312417/","https://doi.org/10.1186/s44263-025-00158-6","strong_keyword"
"40318249","Building competency in artificial intelligence and bias mitigation for nurse scientists and aligned health researchers.","2025","Nursing outlook","https://pubmed.ncbi.nlm.nih.gov/40318249/","https://doi.org/10.1016/j.outlook.2025.102395","strong_keyword"
"39689864","Building a Time-Series Model to Predict Hospitalization Risks in Home Health Care: Insights Into Development, Accuracy, and Fairness.","2025","Journal of the American Medical Directors Association","https://pubmed.ncbi.nlm.nih.gov/39689864/","https://doi.org/10.1016/j.jamda.2024.105417","bias+ai"
"40706198","Bridging the digital divide: artificial intelligence as a catalyst for health equity in primary care settings.","2025","International journal of medical informatics","https://pubmed.ncbi.nlm.nih.gov/40706198/","https://doi.org/10.1016/j.ijmedinf.2025.106051","strong_keyword"
"38955956","Bridging Health Disparities in the Data-Driven World of Artificial Intelligence: A Narrative Review.","2025","Journal of racial and ethnic health disparities","https://pubmed.ncbi.nlm.nih.gov/38955956/","https://doi.org/10.1007/s40615-024-02057-2","strong_keyword"
"40069303","Bias recognition and mitigation strategies in artificial intelligence healthcare applications.","2025","NPJ digital medicine","https://pubmed.ncbi.nlm.nih.gov/40069303/","https://doi.org/10.1038/s41746-025-01503-7","bias+ai"
"40639839","Bias in vital signs? Machine learning models can learn patients' race or ethnicity from the values of vital signs alone.","2025","BMJ health & care informatics","https://pubmed.ncbi.nlm.nih.gov/40639839/","https://doi.org/10.1136/bmjhci-2024-101098","bias+ai"
"38953330","Bias in artificial intelligence for medical imaging: fundamentals, detection, avoidance, mitigation, challenges, ethics, and prospects.","2025","Diagnostic and interventional radiology (Ankara, Turkey)","https://pubmed.ncbi.nlm.nih.gov/38953330/","https://doi.org/10.4274/dir.2024.242854","strong_keyword"
"41584908","Bias in AI systems: integrating formal and socio-technical approaches.","2025","Frontiers in big data","https://pubmed.ncbi.nlm.nih.gov/41584908/","https://doi.org/10.3389/fdata.2025.1686452","strong_keyword"
"39773888","Bias Mitigation in Primary Health Care Artificial Intelligence Models: Scoping Review.","2025","Journal of medical Internet research","https://pubmed.ncbi.nlm.nih.gov/39773888/","https://doi.org/10.2196/60269","strong_keyword"
"40380414","Bias Detection in Histology Images Using Explainable AI and Image Darkness Assessment.","2025","Studies in health technology and informatics","https://pubmed.ncbi.nlm.nih.gov/40380414/","https://doi.org/10.3233/SHTI250302","strong_keyword"
"39499598","Bias Amplification to Facilitate the Systematic Evaluation of Bias Mitigation Methods.","2025","IEEE journal of biomedical and health informatics","https://pubmed.ncbi.nlm.nih.gov/39499598/","https://doi.org/10.1109/JBHI.2024.3491946","strong_keyword"
"40927497","Beyond the Algorithm: A Perspective on Tackling Bias and Cultural Sensitivity in AI-Guided Aesthetic Standards for Cosmetic Surgery in the Middle East and North Africa (MENA) Region.","2025","Clinical, cosmetic and investigational dermatology","https://pubmed.ncbi.nlm.nih.gov/40927497/","https://doi.org/10.2147/CCID.S543045","bias+ai"
"40595988","Beyond accuracy: a framework for evaluating algorithmic bias and performance, applied to automated sleep scoring.","2025","Scientific reports","https://pubmed.ncbi.nlm.nih.gov/40595988/","https://doi.org/10.1038/s41598-025-06019-4","strong_keyword"
"41141904","Assessment of demographic bias in retinal age prediction machine learning models.","2025","Frontiers in artificial intelligence","https://pubmed.ncbi.nlm.nih.gov/41141904/","https://doi.org/10.3389/frai.2025.1653153","bias+ai"
"40344545","Assessing Algorithmic Fairness With a Multimodal Artificial Intelligence Model in Men of African and Non-African Origin on NRG Oncology Prostate Cancer Phase III Trials.","2025","JCO clinical cancer informatics","https://pubmed.ncbi.nlm.nih.gov/40344545/","https://doi.org/10.1200/CCI-24-00284","strong_keyword"
"41487722","Artificial Intelligence-Driven Risk Stratification in Chronic Kidney Disease Progression: Minimizing Bias via Race-Specific Algorithms.","2025","Cureus","https://pubmed.ncbi.nlm.nih.gov/41487722/","https://doi.org/10.7759/cureus.98319","bias+ai"
"40266052","Artificial Intelligence in Cancer Care: Addressing Challenges and Health Equity.","2025","Oncology (Williston Park, N.Y.)","https://pubmed.ncbi.nlm.nih.gov/40266052/","https://doi.org/10.46883/2025.25921037","strong_keyword"
"39753817","Artificial Intelligence and Cancer Health Equity: Bridging the Divide or Widening the Gap.","2025","Current oncology reports","https://pubmed.ncbi.nlm.nih.gov/39753817/","https://doi.org/10.1007/s11912-024-01627-1","strong_keyword"
"39737346","Algorithmic individual fairness and healthcare: a scoping review.","2025","JAMIA open","https://pubmed.ncbi.nlm.nih.gov/39737346/","https://doi.org/10.1093/jamiaopen/ooae149","bias+ai"
"40771228","Algorithmic bias in public health AI: a silent threat to equity in low-resource settings.","2025","Frontiers in public health","https://pubmed.ncbi.nlm.nih.gov/40771228/","https://doi.org/10.3389/fpubh.2025.1643180","strong_keyword"
"40965098","Advancing equity in generative AI dermatology requires representative data and transparent evaluation.","2025","Journal of the European Academy of Dermatology and Venereology : JEADV","https://pubmed.ncbi.nlm.nih.gov/40965098/","https://doi.org/10.1111/jdv.70052","strong_keyword"
"39901187","Accounting for racial bias and social determinants of health in a model of hypertension control.","2025","BMC medical informatics and decision making","https://pubmed.ncbi.nlm.nih.gov/39901187/","https://doi.org/10.1186/s12911-025-02873-4","strong_keyword"
"40392801","AI-driven healthcare: Fairness in AI healthcare: A survey.","2025","PLOS digital health","https://pubmed.ncbi.nlm.nih.gov/40392801/","https://doi.org/10.1371/journal.pdig.0000864","bias+ai"
"40971664","AI and Healthcare Disparities: Lessons from a Cautionary Tale in Knee Radiology.","2025","The Journal of medicine and philosophy","https://pubmed.ncbi.nlm.nih.gov/40971664/","https://doi.org/10.1093/jmp/jhaf020","strong_keyword"
"40775971","AI Bias and Confounding Risk in Health Feature Engineering for Machine Learning Classification Task.","2025","Studies in health technology and informatics","https://pubmed.ncbi.nlm.nih.gov/40775971/","https://doi.org/10.3233/SHTI250953","strong_keyword"
"40517148","A scoping review and evidence gap analysis of clinical AI fairness.","2025","NPJ digital medicine","https://pubmed.ncbi.nlm.nih.gov/40517148/","https://doi.org/10.1038/s41746-025-01667-2","strong_keyword"
"41351059","A fairness-aware machine learning framework for maternal health in Ghana: integrating explainability, bias mitigation, and causal inference for ethical AI deployment.","2025","BioData mining","https://pubmed.ncbi.nlm.nih.gov/41351059/","https://doi.org/10.1186/s13040-025-00505-1","strong_keyword"
"40718760","A fair machine learning model to predict flares of systemic lupus erythematosus.","2025","JAMIA open","https://pubmed.ncbi.nlm.nih.gov/40718760/","https://doi.org/10.1093/jamiaopen/ooaf072","strong_keyword"
"41256428","A Systematic Fairness Evaluation of Racial Bias in Alzheimer's Disease Diagnosis Using Machine Learning Models.","2025","bioRxiv : the preprint server for biology","https://pubmed.ncbi.nlm.nih.gov/41256428/","https://doi.org/10.1101/2025.09.30.678854","strong_keyword"
"38510858","What Goes In, Must Come Out: Generative Artificial Intelligence Does Not Present Algorithmic Bias Across Race and Gender in Medical Residency Specialties.","2024","Cureus","https://pubmed.ncbi.nlm.nih.gov/38510858/","https://doi.org/10.7759/cureus.54448","strong_keyword"
"39803613","Validation, bias assessment, and optimization of the UNAFIED 2-year risk prediction model for undiagnosed atrial fibrillation using national electronic health data.","2024","Heart rhythm O2","https://pubmed.ncbi.nlm.nih.gov/39803613/","https://doi.org/10.1016/j.hroo.2024.09.010","bias+ai"
"38099504","Using artificial intelligence to promote equitable care for inpatients with language barriers and complex medical needs: clinical stakeholder perspectives.","2024","Journal of the American Medical Informatics Association : JAMIA","https://pubmed.ncbi.nlm.nih.gov/38099504/","https://doi.org/10.1093/jamia/ocad224","strong_keyword"
"38246015","Unveiling biases of artificial intelligence in healthcare: Navigating the promise and pitfalls.","2024","Injury","https://pubmed.ncbi.nlm.nih.gov/38246015/","https://doi.org/10.1016/j.injury.2024.111358","bias+ai"
"39010875","Unmasking bias in artificial intelligence: a systematic review of bias detection and mitigation strategies in electronic health record-based models.","2024","ArXiv","https://pubmed.ncbi.nlm.nih.gov/39010875/","","strong_keyword"
"38520723","Unmasking bias in artificial intelligence: a systematic review of bias detection and mitigation strategies in electronic health record-based models.","2024","Journal of the American Medical Informatics Association : JAMIA","https://pubmed.ncbi.nlm.nih.gov/38520723/","https://doi.org/10.1093/jamia/ocae060","strong_keyword"
"38290289","Understanding skin color bias in deep learning-based skin lesion segmentation.","2024","Computer methods and programs in biomedicine","https://pubmed.ncbi.nlm.nih.gov/38290289/","https://doi.org/10.1016/j.cmpb.2024.108044","strong_keyword"
"38635456","Understanding and Mitigating Bias in Imaging Artificial Intelligence.","2024","Radiographics : a review publication of the Radiological Society of North America, Inc","https://pubmed.ncbi.nlm.nih.gov/38635456/","https://doi.org/10.1148/rg.230067","bias+ai"
"38123951","Understanding Bias in Artificial Intelligence: A Practice Perspective.","2024","AJNR. American journal of neuroradiology","https://pubmed.ncbi.nlm.nih.gov/38123951/","https://doi.org/10.3174/ajnr.A8070","strong_keyword"
"38947177","Unbiasing Fairness Evaluation of Radiology AI Model.","2024","Meta-radiology","https://pubmed.ncbi.nlm.nih.gov/38947177/","https://doi.org/10.1016/j.metrad.2024.100084","bias+ai"
"38070817","Trans-Balance: Reducing demographic disparity for prediction models in the presence of class imbalance.","2024","Journal of biomedical informatics","https://pubmed.ncbi.nlm.nih.gov/38070817/","https://doi.org/10.1016/j.jbi.2023.104532","bias+ai"
"38942737","Towards objective and systematic evaluation of bias in artificial intelligence for medical imaging.","2024","Journal of the American Medical Informatics Association : JAMIA","https://pubmed.ncbi.nlm.nih.gov/38942737/","https://doi.org/10.1093/jamia/ocae165","strong_keyword"
"39236488","The risks and benefits of using AI for diagnosis: beware of unconscious bias.","2024","Multiple sclerosis and related disorders","https://pubmed.ncbi.nlm.nih.gov/39236488/","https://doi.org/10.1016/j.msard.2024.105853","bias+ai"
"39116187","Targeting Machine Learning and Artificial Intelligence Algorithms in Health Care to Reduce Bias and Improve Population Health.","2024","The Milbank quarterly","https://pubmed.ncbi.nlm.nih.gov/39116187/","https://doi.org/10.1111/1468-0009.12712","bias+ai"
"39034382","Sociodemographic biases in a commercial AI model for intracranial hemorrhage detection.","2024","Emergency radiology","https://pubmed.ncbi.nlm.nih.gov/39034382/","https://doi.org/10.1007/s10140-024-02270-w","bias+ai"
"39372817","Socio-ethical challenges and opportunities for advancing diversity, equity, and inclusion in digital medicine.","2024","Digital health","https://pubmed.ncbi.nlm.nih.gov/39372817/","https://doi.org/10.1177/20552076241277705","strong_keyword"
"39186324","Sex-Based Performance Disparities in Machine Learning Algorithms for Cardiac Disease Prediction: Exploratory Study.","2024","Journal of medical Internet research","https://pubmed.ncbi.nlm.nih.gov/39186324/","https://doi.org/10.2196/46936","strong_keyword"
"38486100","Preserving fairness and diagnostic accuracy in private large-scale AI models for medical imaging.","2024","Communications medicine","https://pubmed.ncbi.nlm.nih.gov/38486100/","https://doi.org/10.1038/s43856-024-00462-6","bias+ai"
"38725085","Preoperative prediction model for risk of readmission after total joint replacement surgery: a random forest approach leveraging NLP and unfairness mitigation for improved patient care and cost-effectiveness.","2024","Journal of orthopaedic surgery and research","https://pubmed.ncbi.nlm.nih.gov/38725085/","https://doi.org/10.1186/s13018-024-04774-0","bias+ai"
"39399154","Predicting Prenatal Depression and Assessing Model Bias Using Machine Learning Models.","2024","Biological psychiatry global open science","https://pubmed.ncbi.nlm.nih.gov/39399154/","https://doi.org/10.1016/j.bpsgos.2024.100376","strong_keyword"
"38548006","Participant flow diagrams for health equity in AI.","2024","Journal of biomedical informatics","https://pubmed.ncbi.nlm.nih.gov/38548006/","https://doi.org/10.1016/j.jbi.2024.104631","strong_keyword"
"39214762","Mitigating the risk of artificial intelligence bias in cardiovascular care.","2024","The Lancet. Digital health","https://pubmed.ncbi.nlm.nih.gov/39214762/","https://doi.org/10.1016/S2589-7500(24)00155-9","bias+ai"
"38858466","Mitigating machine learning bias between high income and low-middle income countries for enhanced model fairness and generalizability.","2024","Scientific reports","https://pubmed.ncbi.nlm.nih.gov/38858466/","https://doi.org/10.1038/s41598-024-64210-5","strong_keyword"
"39682584","Mitigating Algorithmic Bias in AI-Driven Cardiovascular Imaging for Fairer Diagnostics.","2024","Diagnostics (Basel, Switzerland)","https://pubmed.ncbi.nlm.nih.gov/39682584/","https://doi.org/10.3390/diagnostics14232675","strong_keyword"
"38552451","Minimizing bias when using artificial intelligence in critical care medicine.","2024","Journal of critical care","https://pubmed.ncbi.nlm.nih.gov/38552451/","https://doi.org/10.1016/j.jcrc.2024.154796","bias+ai"
"38649446","Measuring algorithmic bias to analyze the reliability of AI tools that predict depression risk using smartphone sensed-behavioral data.","2024","Npj mental health research","https://pubmed.ncbi.nlm.nih.gov/38649446/","https://doi.org/10.1038/s44184-024-00057-y","strong_keyword"
"38746448","Measuring algorithmic bias to analyze the reliability of AI tools that predict depression risk using smartphone sensed-behavioral data.","2024","Research square","https://pubmed.ncbi.nlm.nih.gov/38746448/","https://doi.org/10.21203/rs.3.rs-3044613/v1","strong_keyword"
"38199323","Measuring Implicit Bias in ICU Notes Using Word-Embedding Neural Network Models.","2024","Chest","https://pubmed.ncbi.nlm.nih.gov/38199323/","https://doi.org/10.1016/j.chest.2023.12.031","bias+ai"
"39466090","Machine Learning in Health Care: Ethical Considerations Tied to Privacy, Interpretability, and Bias.","2024","North Carolina medical journal","https://pubmed.ncbi.nlm.nih.gov/39466090/","https://doi.org/10.18043/001c.120562","bias+ai"
"38377237","Machine Learning and Bias in Medical Imaging: Opportunities and Challenges.","2024","Circulation. Cardiovascular imaging","https://pubmed.ncbi.nlm.nih.gov/38377237/","https://doi.org/10.1161/CIRCIMAGING.123.015495","strong_keyword"
"38511501","Leveraging large language models to foster equity in healthcare.","2024","Journal of the American Medical Informatics Association : JAMIA","https://pubmed.ncbi.nlm.nih.gov/38511501/","https://doi.org/10.1093/jamia/ocae055","strong_keyword"
"39357045","Leveraging Temporal Trends for Training Contextual Word Embeddings to Address Bias in Biomedical Applications: Development Study.","2024","JMIR AI","https://pubmed.ncbi.nlm.nih.gov/39357045/","https://doi.org/10.2196/49546","bias+ai"
"39312105","Integrating Catholic Social Teaching with AI Ethics to Address Inequity in AI Healthcare.","2024","Journal of religion and health","https://pubmed.ncbi.nlm.nih.gov/39312105/","https://doi.org/10.1007/s10943-024-02140-2","strong_keyword"
"39166973","Improving Fairness of Automated Chest Radiograph Diagnosis by Contrastive Learning.","2024","Radiology. Artificial intelligence","https://pubmed.ncbi.nlm.nih.gov/39166973/","https://doi.org/10.1148/ryai.230342","bias+ai"
"40039759","Improving Fairness in Chest X-Ray Interpretation Models Using Attention-Driven Masked Image Modeling.","2024","Annual International Conference of the IEEE Engineering in Medicine and Biology Society. IEEE Engineering in Medicine and Biology Society. Annual International Conference","https://pubmed.ncbi.nlm.nih.gov/40039759/","https://doi.org/10.1109/EMBC53108.2024.10782563","bias+ai"
"38685924","Health equity assessment of machine learning performance (HEAL): a framework and dermatology AI model case study.","2024","EClinicalMedicine","https://pubmed.ncbi.nlm.nih.gov/38685924/","https://doi.org/10.1016/j.eclinm.2024.102479","strong_keyword"
"39427028","Guidance for unbiased predictive information for healthcare decision-making and equity (GUIDE): considerations when race may be a prognostic factor.","2024","NPJ digital medicine","https://pubmed.ncbi.nlm.nih.gov/39427028/","https://doi.org/10.1038/s41746-024-01245-y","strong_keyword"
"37540463","Fairness of artificial intelligence in healthcare: review and recommendations.","2024","Japanese journal of radiology","https://pubmed.ncbi.nlm.nih.gov/37540463/","https://doi.org/10.1007/s11604-023-01474-3","bias+ai"
"38985468","Fairness in Predicting Cancer Mortality Across Racial Subgroups.","2024","JAMA network open","https://pubmed.ncbi.nlm.nih.gov/38985468/","https://doi.org/10.1001/jamanetworkopen.2024.21290","bias+ai"
"38960729","Fair prediction of 2-year stroke risk in patients with atrial fibrillation.","2024","Journal of the American Medical Informatics Association : JAMIA","https://pubmed.ncbi.nlm.nih.gov/38960729/","https://doi.org/10.1093/jamia/ocae170","strong_keyword"
"39569213","FAIM: Fairness-aware interpretable modeling for trustworthy machine learning in healthcare.","2024","Patterns (New York, N.Y.)","https://pubmed.ncbi.nlm.nih.gov/39569213/","https://doi.org/10.1016/j.patter.2024.101059","strong_keyword"
"37703989","Evaluating the fairness and accuracy of machine learning-based predictions of clinical outcomes after anatomic and reverse total shoulder arthroplasty.","2024","Journal of shoulder and elbow surgery","https://pubmed.ncbi.nlm.nih.gov/37703989/","https://doi.org/10.1016/j.jse.2023.08.005","bias+ai"
"39495385","Evaluating machine learning model bias and racial disparities in non-small cell lung cancer using SEER registry data.","2024","Health care management science","https://pubmed.ncbi.nlm.nih.gov/39495385/","https://doi.org/10.1007/s10729-024-09691-6","strong_keyword"
"39009174","Evaluating gender bias in ML-based clinical risk prediction models: A study on multiple use cases at different hospitals.","2024","Journal of biomedical informatics","https://pubmed.ncbi.nlm.nih.gov/39009174/","https://doi.org/10.1016/j.jbi.2024.104692","strong_keyword"
"39174723","Evaluating EHR-Integrated Digital Technologies for Medication-Related Outcomes and Health Equity in Hospitalised Adults: A Scoping Review.","2024","Journal of medical systems","https://pubmed.ncbi.nlm.nih.gov/39174723/","https://doi.org/10.1007/s10916-024-02097-5","strong_keyword"
"39625723","Evaluating Bias-Mitigated Predictive Models of Perinatal Mood and Anxiety Disorders.","2024","JAMA network open","https://pubmed.ncbi.nlm.nih.gov/39625723/","https://doi.org/10.1001/jamanetworkopen.2024.38152","bias+ai"
"38422347","Evaluating Algorithmic Bias in 30-Day Hospital Readmission Models: Retrospective Analysis.","2024","Journal of medical Internet research","https://pubmed.ncbi.nlm.nih.gov/38422347/","https://doi.org/10.2196/47125","strong_keyword"
"39316436","Equity in Digital Mental Health Interventions in the United States: Where to Next?","2024","Journal of medical Internet research","https://pubmed.ncbi.nlm.nih.gov/39316436/","https://doi.org/10.2196/59939","strong_keyword"
"38820189","Equity and AI governance at academic medical centers.","2024","The American journal of managed care","https://pubmed.ncbi.nlm.nih.gov/38820189/","https://doi.org/10.37765/ajmc.2024.89555","strong_keyword"
"38547488","Equitable Artificial Intelligence in Obstetrics, Maternal-Fetal Medicine, and Neonatology.","2024","Obstetrics and gynecology","https://pubmed.ncbi.nlm.nih.gov/38547488/","https://doi.org/10.1097/AOG.0000000000005563","strong_keyword"
"40039878","Ensuring Model Fairness via Stratified Training: TP53 Mutation Prediction with Estrogen Receptor Stratification in Breast Histopathology.","2024","Annual International Conference of the IEEE Engineering in Medicine and Biology Society. IEEE Engineering in Medicine and Biology Society. Annual International Conference","https://pubmed.ncbi.nlm.nih.gov/40039878/","https://doi.org/10.1109/EMBC53108.2024.10782012","strong_keyword"
"39602221","Ensuring Appropriate Representation in Artificial Intelligence-Generated Medical Imagery: Protocol for a Methodological Approach to Address Skin Tone Bias.","2024","JMIR AI","https://pubmed.ncbi.nlm.nih.gov/39602221/","https://doi.org/10.2196/58275","strong_keyword"
"38851444","Enhancing Clinical Decision Support in Nephrology: Addressing Algorithmic Bias Through Artificial Intelligence Governance.","2024","American journal of kidney diseases : the official journal of the National Kidney Foundation","https://pubmed.ncbi.nlm.nih.gov/38851444/","https://doi.org/10.1053/j.ajkd.2024.04.008","strong_keyword"
"38043883","Efficient adversarial debiasing with concept activation vector - Medical image case-studies.","2024","Journal of biomedical informatics","https://pubmed.ncbi.nlm.nih.gov/38043883/","https://doi.org/10.1016/j.jbi.2023.104548","strong_keyword"
"38471396","Drop the shortcuts: image augmentation improves fairness and decreases AI detection of race and other demographics from medical images.","2024","EBioMedicine","https://pubmed.ncbi.nlm.nih.gov/38471396/","https://doi.org/10.1016/j.ebiom.2024.105047","bias+ai"
"39075127","Developing a fair and interpretable representation of the clock drawing test for mitigating low education and racial bias.","2024","Scientific reports","https://pubmed.ncbi.nlm.nih.gov/39075127/","https://doi.org/10.1038/s41598-024-68481-w","strong_keyword"
"39569887","Deep learning methods for 3D magnetic resonance image denoising, bias field and motion artifact correction: a comprehensive review.","2024","Physics in medicine and biology","https://pubmed.ncbi.nlm.nih.gov/39569887/","https://doi.org/10.1088/1361-6560/ad94c7","bias+ai"
"39731446","De-biasing the bias: methods for improving disparity assessments with noisy group measurements.","2024","Biometrics","https://pubmed.ncbi.nlm.nih.gov/39731446/","https://doi.org/10.1093/biomtc/ujae155","strong_keyword"
"39441784","Conceptualizing bias in EHR data: A case study in performance disparities by demographic subgroups for a pediatric obesity incidence classifier.","2024","PLOS digital health","https://pubmed.ncbi.nlm.nih.gov/39441784/","https://doi.org/10.1371/journal.pdig.0000642","strong_keyword"
"38554626","Comparing survival of older ovarian cancer patients treated with neoadjuvant chemotherapy versus primary cytoreductive surgery: Reducing bias through machine learning.","2024","Gynecologic oncology","https://pubmed.ncbi.nlm.nih.gov/38554626/","https://doi.org/10.1016/j.ygyno.2024.03.016","bias+ai"
"38962581","Challenges in Reducing Bias Using Post-Processing Fairness for Breast Cancer Stage Classification with Deep Learning.","2024","Algorithms","https://pubmed.ncbi.nlm.nih.gov/38962581/","https://doi.org/10.3390/a17040141","bias+ai"
"38782170","Causal fairness assessment of treatment allocation with electronic health records.","2024","Journal of biomedical informatics","https://pubmed.ncbi.nlm.nih.gov/38782170/","https://doi.org/10.1016/j.jbi.2024.104656","bias+ai"
"38387381","Bias reduction using combined stain normalization and augmentation for AI-based classification of histological images.","2024","Computers in biology and medicine","https://pubmed.ncbi.nlm.nih.gov/38387381/","https://doi.org/10.1016/j.compbiomed.2024.108130","bias+ai"
"39732655","Bias in machine learning applications to address non-communicable diseases at a population-level: a scoping review.","2024","BMC public health","https://pubmed.ncbi.nlm.nih.gov/39732655/","https://doi.org/10.1186/s12889-024-21081-9","strong_keyword"
"39831110","Bias in Prediction Models to Identify Patients With Colorectal Cancer at High Risk for Readmission After Resection.","2024","JCO clinical cancer informatics","https://pubmed.ncbi.nlm.nih.gov/39831110/","https://doi.org/10.1200/CCI.23.00194","bias+ai"
"38432311","Assessment of bias in scoring of AI-based radiotherapy segmentation and planning studies using modified TRIPOD and PROBAST guidelines as an example.","2024","Radiotherapy and oncology : journal of the European Society for Therapeutic Radiology and Oncology","https://pubmed.ncbi.nlm.nih.gov/38432311/","https://doi.org/10.1016/j.radonc.2024.110196","bias+ai"
"39738436","Assessing the documentation of publicly available medical image and signal datasets and their impact on bias using the BEAMRAD tool.","2024","Scientific reports","https://pubmed.ncbi.nlm.nih.gov/39738436/","https://doi.org/10.1038/s41598-024-83218-5","bias+ai"
"38925281","Assessing racial bias in healthcare predictive models: Practical lessons from an empirical evaluation of 30-day hospital readmission models.","2024","Journal of biomedical informatics","https://pubmed.ncbi.nlm.nih.gov/38925281/","https://doi.org/10.1016/j.jbi.2024.104683","strong_keyword"
"38876453","Assessing fairness in machine learning models: A study of racial bias using matched counterparts in mortality prediction for patients with chronic diseases.","2024","Journal of biomedical informatics","https://pubmed.ncbi.nlm.nih.gov/38876453/","https://doi.org/10.1016/j.jbi.2024.104677","strong_keyword"
"40144330","Artificial Intelligence to Promote Racial and Ethnic Cardiovascular Health Equity.","2024","Current cardiovascular risk reports","https://pubmed.ncbi.nlm.nih.gov/40144330/","https://doi.org/10.1007/s12170-024-00745-6","strong_keyword"
"38681759","Analyzing the Impact of Personalization on Fairness in Federated Learning for Healthcare.","2024","Journal of healthcare informatics research","https://pubmed.ncbi.nlm.nih.gov/38681759/","https://doi.org/10.1007/s41666-024-00164-7","bias+ai"
"39376670","Analyzing Racial Differences in Imaging Joint Replacement Registries Using Generative Artificial Intelligence: Advancing Orthopaedic Data Equity.","2024","Arthroplasty today","https://pubmed.ncbi.nlm.nih.gov/39376670/","https://doi.org/10.1016/j.artd.2024.101503","strong_keyword"
"40245232","Algorithmic discrimination and health equity.","2024","","https://pubmed.ncbi.nlm.nih.gov/40245232/","https://doi.org/10.4337/9781802205657.ch06","strong_keyword"
"38585746","Algorithmic Individual Fairness and Healthcare: A Scoping Review.","2024","medRxiv : the preprint server for health sciences","https://pubmed.ncbi.nlm.nih.gov/38585746/","https://doi.org/10.1101/2024.03.25.24304853","bias+ai"
"38141549","Advancing equitable and personalized cancer care: Novel applications and priorities of artificial intelligence for fairness and inclusivity in the patient care workflow.","2024","European journal of cancer (Oxford, England : 1990)","https://pubmed.ncbi.nlm.nih.gov/38141549/","https://doi.org/10.1016/j.ejca.2023.113504","strong_keyword"
"39230911","Addressing AI Algorithmic Bias in Health Care.","2024","JAMA","https://pubmed.ncbi.nlm.nih.gov/39230911/","https://doi.org/10.1001/jama.2024.13486","strong_keyword"
"38322109","Accelerating health disparities research with artificial intelligence.","2024","Frontiers in digital health","https://pubmed.ncbi.nlm.nih.gov/38322109/","https://doi.org/10.3389/fdgth.2024.1330160","strong_keyword"
"39767481","AI in Biomedicine-A Forward-Looking Perspective on Health Equity.","2024","International journal of environmental research and public health","https://pubmed.ncbi.nlm.nih.gov/39767481/","https://doi.org/10.3390/ijerph21121642","strong_keyword"
"39313595","A toolbox for surfacing health equity harms and biases in large language models.","2024","Nature medicine","https://pubmed.ncbi.nlm.nih.gov/39313595/","https://doi.org/10.1038/s41591-024-03258-2","strong_keyword"
"38677633","A survey of recent methods for addressing AI fairness and bias in biomedicine.","2024","Journal of biomedical informatics","https://pubmed.ncbi.nlm.nih.gov/38677633/","https://doi.org/10.1016/j.jbi.2024.104646","strong_keyword"
"38529077","A survey of recent methods for addressing AI fairness and bias in biomedicine.","2024","ArXiv","https://pubmed.ncbi.nlm.nih.gov/38529077/","","strong_keyword"
"38452862","A scoping review of fair machine learning techniques when using real-world data.","2024","Journal of biomedical informatics","https://pubmed.ncbi.nlm.nih.gov/38452862/","https://doi.org/10.1016/j.jbi.2024.104622","strong_keyword"
"38740316","A roadmap to artificial intelligence (AI): Methods for designing and building AI ready data to promote fairness.","2024","Journal of biomedical informatics","https://pubmed.ncbi.nlm.nih.gov/38740316/","https://doi.org/10.1016/j.jbi.2024.104654","bias+ai"
"39716098","A comprehensive and bias-free machine learning approach for risk prediction of preeclampsia with severe features in a nulliparous study cohort.","2024","BMC pregnancy and childbirth","https://pubmed.ncbi.nlm.nih.gov/39716098/","https://doi.org/10.1186/s12884-024-06988-w","bias+ai"
"39218488","A Clinician's Guide to Understanding Bias in Critical Clinical Prediction Models.","2024","Critical care clinics","https://pubmed.ncbi.nlm.nih.gov/39218488/","https://doi.org/10.1016/j.ccc.2024.05.011","bias+ai"
"38335791","(Predictable) performance bias in unsupervised anomaly detection.","2024","EBioMedicine","https://pubmed.ncbi.nlm.nih.gov/38335791/","https://doi.org/10.1016/j.ebiom.2024.105002","bias+ai"
"37454752","Understanding Biases and Disparities in Radiology AI Datasets: A Review.","2023","Journal of the American College of Radiology : JACR","https://pubmed.ncbi.nlm.nih.gov/37454752/","https://doi.org/10.1016/j.jacr.2023.06.015","bias+ai"
"37125409","Toward fairness in artificial intelligence for medical image analysis: identification and mitigation of potential biases in the roadmap from data collection to model deployment.","2023","Journal of medical imaging (Bellingham, Wash.)","https://pubmed.ncbi.nlm.nih.gov/37125409/","https://doi.org/10.1117/1.JMI.10.6.061104","bias+ai"
"37950024","Toward MR protocol-agnostic, unbiased brain age predicted from clinical-grade MRIs.","2023","Scientific reports","https://pubmed.ncbi.nlm.nih.gov/37950024/","https://doi.org/10.1038/s41598-023-47021-y","bias+ai"
"37609150","Toward MR protocol-agnostic, bias-corrected brain age predicted from clinical-grade MRIs.","2023","Research square","https://pubmed.ncbi.nlm.nih.gov/37609150/","https://doi.org/10.21203/rs.3.rs-3229072/v1","bias+ai"
"38875587","Strategies to Improve the Impact of Artificial Intelligence on Health Equity: Scoping Review.","2023","JMIR AI","https://pubmed.ncbi.nlm.nih.gov/38875587/","https://doi.org/10.2196/42936","strong_keyword"
"38074789","Risk of Bias in Chest Radiography Deep Learning Foundation Models.","2023","Radiology. Artificial intelligence","https://pubmed.ncbi.nlm.nih.gov/38074789/","https://doi.org/10.1148/ryai.230060","bias+ai"
"37358896","Risk of Bias Mitigation for Vulnerable and Diverse Groups in Community-Based Primary Health Care Artificial Intelligence Models: Protocol for a Rapid Review.","2023","JMIR research protocols","https://pubmed.ncbi.nlm.nih.gov/37358896/","https://doi.org/10.2196/46684","strong_keyword"
"37115589","Removing Biases in Communication of Severity Assessments of Intimate Partner Violence: Model Development and Evaluation.","2023","Journal of medical Internet research","https://pubmed.ncbi.nlm.nih.gov/37115589/","https://doi.org/10.2196/43499","bias+ai"
"37185650","Predictive care: a protocol for a computational ethnographic approach to building fair models of inpatient violence in emergency psychiatry.","2023","BMJ open","https://pubmed.ncbi.nlm.nih.gov/37185650/","https://doi.org/10.1136/bmjopen-2022-069255","bias+ai"
"37097792","Post-Processing Fairness Evaluation of Federated Models: An Unsupervised Approach in Healthcare.","2023","IEEE/ACM transactions on computational biology and bioinformatics","https://pubmed.ncbi.nlm.nih.gov/37097792/","https://doi.org/10.1109/TCBB.2023.3269767","bias+ai"
"37444068","Occupational Safety and Health Equity Impacts of Artificial Intelligence: A Scoping Review.","2023","International journal of environmental research and public health","https://pubmed.ncbi.nlm.nih.gov/37444068/","https://doi.org/10.3390/ijerph20136221","strong_keyword"
"40046549","Misguided Artificial Intelligence: How Racial Bias is Built Into Clinical Models.","2023","The Brown journal of hospital medicine","https://pubmed.ncbi.nlm.nih.gov/40046549/","https://doi.org/10.56305/001c.38021","strong_keyword"
"37990734","Improving Fairness in AI Models on Electronic Health Records: The Case for Federated Learning Methods.","2023","FAccT '23 : Proceedings of the 2023 ACM Conference on Fairness, Accountability, and Transparency. Association for Computing Machinery","https://pubmed.ncbi.nlm.nih.gov/37990734/","https://doi.org/10.1145/3593013.3594102","bias+ai"
"36961506","Human-Centered Design to Address Biases in Artificial Intelligence.","2023","Journal of medical Internet research","https://pubmed.ncbi.nlm.nih.gov/36961506/","https://doi.org/10.2196/43251","bias+ai"
"37414033","Health Equity in Clinical Research Informatics.","2023","Yearbook of medical informatics","https://pubmed.ncbi.nlm.nih.gov/37414033/","https://doi.org/10.1055/s-0043-1768720","strong_keyword"
"38100101","Guiding Principles to Address the Impact of Algorithm Bias on Racial and Ethnic Disparities in Health and Health Care.","2023","JAMA network open","https://pubmed.ncbi.nlm.nih.gov/38100101/","https://doi.org/10.1001/jamanetworkopen.2023.45050","strong_keyword"
"37289496","Gender Bias When Using Artificial Intelligence to Assess Anorexia Nervosa on Social Media: Data-Driven Study.","2023","Journal of medical Internet research","https://pubmed.ncbi.nlm.nih.gov/37289496/","https://doi.org/10.2196/45184","strong_keyword"
"37558406","Fairness and generalisability in deep learning of retinopathy of prematurity screening algorithms: a literature review.","2023","BMJ open ophthalmology","https://pubmed.ncbi.nlm.nih.gov/37558406/","https://doi.org/10.1136/bmjophth-2022-001216","bias+ai"
"37783540","Fair and equitable AI in biomedical research and healthcare: Social science perspectives.","2023","Artificial intelligence in medicine","https://pubmed.ncbi.nlm.nih.gov/37783540/","https://doi.org/10.1016/j.artmed.2023.102658","strong_keyword"
"37886534","FaIRClocks: Fair and Interpretable Representation of the Clock Drawing Test for mitigating classifier bias against lower educational groups.","2023","Research square","https://pubmed.ncbi.nlm.nih.gov/37886534/","https://doi.org/10.21203/rs.3.rs-3398970/v1","bias+ai"
"36706849","Evaluating and mitigating bias in machine learning models for cardiovascular disease prediction.","2023","Journal of biomedical informatics","https://pubmed.ncbi.nlm.nih.gov/36706849/","https://doi.org/10.1016/j.jbi.2023.104294","strong_keyword"
"39435256","Ethicara for Responsible AI in Healthcare: A System for Bias Detection and AI Risk Management.","2023","AMIA ... Annual Symposium proceedings. AMIA Symposium","https://pubmed.ncbi.nlm.nih.gov/39435256/","","strong_keyword"
"37036866","Equity should be fundamental to the emergence of innovation.","2023","PLOS digital health","https://pubmed.ncbi.nlm.nih.gov/37036866/","https://doi.org/10.1371/journal.pdig.0000224","strong_keyword"
"37824445","Digital Determinants of Health: Health data poverty amplifies existing health disparities-A scoping review.","2023","PLOS digital health","https://pubmed.ncbi.nlm.nih.gov/37824445/","https://doi.org/10.1371/journal.pdig.0000313","strong_keyword"
"37610746","Development of a Machine Learning-Based Prescriptive Tool to Address Racial Disparities in Access to Care After Penetrating Trauma.","2023","JAMA surgery","https://pubmed.ncbi.nlm.nih.gov/37610746/","https://doi.org/10.1001/jamasurg.2023.2293","strong_keyword"
"38875540","Developing Ethics and Equity Principles, Terms, and Engagement Tools to Advance Health Equity and Researcher Diversity in AI and Machine Learning: Modified Delphi Approach.","2023","JMIR AI","https://pubmed.ncbi.nlm.nih.gov/38875540/","https://doi.org/10.2196/52888","strong_keyword"
"35685000","Designing Equitable Health Care Outreach Programs From Machine Learning Patient Risk Scores.","2023","Medical care research and review : MCRR","https://pubmed.ncbi.nlm.nih.gov/35685000/","https://doi.org/10.1177/10775587221098831","strong_keyword"
"36155458","D-BIAS: A Causality-Based Human-in-the-Loop System for Tackling Algorithmic Bias.","2023","IEEE transactions on visualization and computer graphics","https://pubmed.ncbi.nlm.nih.gov/36155458/","https://doi.org/10.1109/TVCG.2022.3209484","strong_keyword"
"37700029","Considerations for addressing bias in artificial intelligence for health equity.","2023","NPJ digital medicine","https://pubmed.ncbi.nlm.nih.gov/37700029/","https://doi.org/10.1038/s41746-023-00913-9","strong_keyword"
"37846615","Call for algorithmic fairness to mitigate amplification of racial biases in artificial intelligence models used in orthodontics and craniofacial health.","2023","Orthodontics & craniofacial research","https://pubmed.ncbi.nlm.nih.gov/37846615/","https://doi.org/10.1111/ocr.12721","strong_keyword"
"37453602","Building Diversity, Equity, and Inclusion Within Radiology Artificial Intelligence: Representation Matters, From Data to the Workforce.","2023","Journal of the American College of Radiology : JACR","https://pubmed.ncbi.nlm.nih.gov/37453602/","https://doi.org/10.1016/j.jacr.2023.06.014","strong_keyword"
"36719717","Black and Latinx Primary Caregiver Considerations for Developing and Implementing a Machine Learning-Based Model for Detecting Child Abuse and Neglect With Implications for Racial Bias Reduction: Qualitative Interview Study With Primary Caregivers.","2023","JMIR formative research","https://pubmed.ncbi.nlm.nih.gov/36719717/","https://doi.org/10.2196/40194","strong_keyword"
"37347721","Bias in artificial intelligence algorithms and recommendations for mitigation.","2023","PLOS digital health","https://pubmed.ncbi.nlm.nih.gov/37347721/","https://doi.org/10.1371/journal.pdig.0000278","strong_keyword"
"36651834","Bias and Non-Diversity of Big Data in Artificial Intelligence: Focus on Retinal Diseases.","2023","Seminars in ophthalmology","https://pubmed.ncbi.nlm.nih.gov/36651834/","https://doi.org/10.1080/08820538.2023.2168486","bias+ai"
"37211215","Availability of information needed to evaluate algorithmic fairness - A systematic review of publicly accessible critical care databases.","2023","Anaesthesia, critical care & pain medicine","https://pubmed.ncbi.nlm.nih.gov/37211215/","https://doi.org/10.1016/j.accpm.2023.101248","strong_keyword"
"37099916","Automatic sleep staging for the young and the old - Evaluating age bias in deep learning.","2023","Sleep medicine","https://pubmed.ncbi.nlm.nih.gov/37099916/","https://doi.org/10.1016/j.sleep.2023.04.002","strong_keyword"
"38020160","Artificial intelligence in global health equity: an evaluation and discussion on the application of ChatGPT, in the Chinese National Medical Licensing Examination.","2023","Frontiers in medicine","https://pubmed.ncbi.nlm.nih.gov/38020160/","https://doi.org/10.3389/fmed.2023.1237432","strong_keyword"
"36527795","Artificial intelligence in cancer research and precision medicine: Applications, limitations and priorities to drive transformation in the delivery of equitable and unbiased care.","2023","Cancer treatment reviews","https://pubmed.ncbi.nlm.nih.gov/36527795/","https://doi.org/10.1016/j.ctrv.2022.102498","strong_keyword"
"37902833","Architectural Design of a Blockchain-Enabled, Federated Learning Platform for Algorithmic Fairness in Predictive Health Care: Design Science Study.","2023","Journal of medical Internet research","https://pubmed.ncbi.nlm.nih.gov/37902833/","https://doi.org/10.2196/46547","strong_keyword"
"37756206","An Expert Panel Discussion Embedding Ethics and Equity in Artificial Intelligence and Machine Learning Infrastructure.","2023","Big data","https://pubmed.ncbi.nlm.nih.gov/37756206/","https://doi.org/10.1089/big.2023.29061.rtd","strong_keyword"
"37380750","Algorithmic fairness in artificial intelligence for medicine and healthcare.","2023","Nature biomedical engineering","https://pubmed.ncbi.nlm.nih.gov/37380750/","https://doi.org/10.1038/s41551-023-01056-8","strong_keyword"
"37579574","Algorithmic bias in artificial intelligence is a problem-And the root issue is power.","2023","Nursing outlook","https://pubmed.ncbi.nlm.nih.gov/37579574/","https://doi.org/10.1016/j.outlook.2023.102023","strong_keyword"
"37709945","A translational perspective towards clinical AI fairness.","2023","NPJ digital medicine","https://pubmed.ncbi.nlm.nih.gov/37709945/","https://doi.org/10.1038/s41746-023-00918-4","strong_keyword"
"38016063","A systematic review of data sources for artificial intelligence applications in pediatric brain tumors in Europe: implications for bias and generalizability.","2023","Frontiers in oncology","https://pubmed.ncbi.nlm.nih.gov/38016063/","https://doi.org/10.3389/fonc.2023.1285775","bias+ai"
"37015392","A Skewed Loss Function for Correcting Predictive Bias in Brain Age Prediction.","2023","IEEE transactions on medical imaging","https://pubmed.ncbi.nlm.nih.gov/37015392/","https://doi.org/10.1109/TMI.2022.3231730","strong_keyword"
"37090627","A Comprehensive and Bias-Free Machine Learning Approach for Risk Prediction of Preeclampsia with Severe Features in a Nulliparous Study Cohort.","2023","Research square","https://pubmed.ncbi.nlm.nih.gov/37090627/","https://doi.org/10.21203/rs.3.rs-2635419/v1","bias+ai"
"36490369","A Call to Action on Assessing and Mitigating Bias in Artificial Intelligence Applications for Mental Health.","2023","Perspectives on psychological science : a journal of the Association for Psychological Science","https://pubmed.ncbi.nlm.nih.gov/36490369/","https://doi.org/10.1177/17456916221134490","strong_keyword"
"37506964","""Shortcuts"" Causing Bias in Radiology Artificial Intelligence: Causes, Evaluation, and Mitigation.","2023","Journal of the American College of Radiology : JACR","https://pubmed.ncbi.nlm.nih.gov/37506964/","https://doi.org/10.1016/j.jacr.2023.06.025","bias+ai"
"35341539","Utilizing Artificial Intelligence to Enhance Health Equity Among Patients with Heart Failure.","2022","Heart failure clinics","https://pubmed.ncbi.nlm.nih.gov/35341539/","https://doi.org/10.1016/j.hfc.2021.11.001","strong_keyword"
"35185011","Use of a community advisory board to build equitable algorithms for participation in clinical trials: a protocol paper for HoPeNET.","2022","BMJ health & care informatics","https://pubmed.ncbi.nlm.nih.gov/35185011/","https://doi.org/10.1136/bmjhci-2021-100453","strong_keyword"
"35033879","Understanding the bias in machine learning systems for cardiovascular disease risk assessment: The first of its kind review.","2022","Computers in biology and medicine","https://pubmed.ncbi.nlm.nih.gov/35033879/","https://doi.org/10.1016/j.compbiomed.2021.105204","strong_keyword"
"36313215","Turing test-inspired method for analysis of biases prevalent in artificial intelligence-based medical imaging.","2022","AI and ethics","https://pubmed.ncbi.nlm.nih.gov/36313215/","https://doi.org/10.1007/s43681-022-00227-8","bias+ai"
"36005841","The Impact of Artificial Intelligence on Health Equity in Oncology: Scoping Review.","2022","Journal of medical Internet research","https://pubmed.ncbi.nlm.nih.gov/36005841/","https://doi.org/10.2196/39748","strong_keyword"
"36463866","Special Section on Inclusive Digital Health: Notable Papers on Addressing Bias, Equity, and Literacy to Strengthen Health Systems.","2022","Yearbook of medical informatics","https://pubmed.ncbi.nlm.nih.gov/36463866/","https://doi.org/10.1055/s-0042-1742536","strong_keyword"
"36812532","Sources of bias in artificial intelligence that perpetuate healthcare disparities-A global review.","2022","PLOS digital health","https://pubmed.ncbi.nlm.nih.gov/36812532/","https://doi.org/10.1371/journal.pdig.0000022","strong_keyword"
"35914194","Predicting Race And Ethnicity To Ensure Equitable Algorithms For Health Care Decision Making.","2022","Health affairs (Project Hope)","https://pubmed.ncbi.nlm.nih.gov/35914194/","https://doi.org/10.1377/hlthaff.2022.00095","strong_keyword"
"35049447","On Algorithmic Fairness in Medical Practice.","2022","Cambridge quarterly of healthcare ethics : CQ : the international journal of healthcare ethics committees","https://pubmed.ncbi.nlm.nih.gov/35049447/","https://doi.org/10.1017/S0963180121000839","strong_keyword"
"35044842","Negative Patient Descriptors: Documenting Racial Bias In The Electronic Health Record.","2022","Health affairs (Project Hope)","https://pubmed.ncbi.nlm.nih.gov/35044842/","https://doi.org/10.1377/hlthaff.2021.01423","strong_keyword"
"36414774","Mitigating the impact of biased artificial intelligence in emergency decision-making.","2022","Communications medicine","https://pubmed.ncbi.nlm.nih.gov/36414774/","https://doi.org/10.1038/s43856-022-00214-4","bias+ai"
"36204532","Mitigating Bias in Radiology Machine Learning: 2. Model Development.","2022","Radiology. Artificial intelligence","https://pubmed.ncbi.nlm.nih.gov/36204532/","https://doi.org/10.1148/ryai.220010","bias+ai"
"35016819","Investigation of biases in convolutional neural networks for semantic segmentation using performance sensitivity analysis.","2022","Zeitschrift fur medizinische Physik","https://pubmed.ncbi.nlm.nih.gov/35016819/","https://doi.org/10.1016/j.zemedi.2021.11.004","bias+ai"
"35470133","Investigating for bias in healthcare algorithms: a sex-stratified analysis of supervised machine learning models in liver disease prediction.","2022","BMJ health & care informatics","https://pubmed.ncbi.nlm.nih.gov/35470133/","https://doi.org/10.1136/bmjhci-2021-100457","strong_keyword"
"35932546","Interpretability-Guided Inductive Bias For Deep Learning Based Medical Image.","2022","Medical image analysis","https://pubmed.ncbi.nlm.nih.gov/35932546/","https://doi.org/10.1016/j.media.2022.102551","bias+ai"
"35504931","Interpretability and fairness evaluation of deep learning models on MIMIC-IV dataset.","2022","Scientific reports","https://pubmed.ncbi.nlm.nih.gov/35504931/","https://doi.org/10.1038/s41598-022-11012-2","bias+ai"
"36378761","Improving Fairness in the Prediction of Heart Failure Length of Stay and Mortality by Integrating Social Determinants of Health.","2022","Circulation. Heart failure","https://pubmed.ncbi.nlm.nih.gov/36378761/","https://doi.org/10.1161/CIRCHEARTFAILURE.122.009473","bias+ai"
"36111262","Foundations for fairness in digital health apps.","2022","Frontiers in digital health","https://pubmed.ncbi.nlm.nih.gov/36111262/","https://doi.org/10.3389/fdgth.2022.943514","bias+ai"
"36714611","Fairness in the prediction of acute postoperative pain using machine learning models.","2022","Frontiers in digital health","https://pubmed.ncbi.nlm.nih.gov/36714611/","https://doi.org/10.3389/fdgth.2022.970281","bias+ai"
"35699997","Fairness in Mobile Phone-Based Mental Health Assessment Algorithms: Exploratory Study.","2022","JMIR formative research","https://pubmed.ncbi.nlm.nih.gov/35699997/","https://doi.org/10.2196/34366","bias+ai"
"35639450","Evaluation and Mitigation of Racial Bias in Clinical Machine Learning Models: Scoping Review.","2022","JMIR medical informatics","https://pubmed.ncbi.nlm.nih.gov/35639450/","https://doi.org/10.2196/36388","strong_keyword"
"36301408","Equity in AgeTech for Ageing Well in Technology-Driven Places: The Role of Social Determinants in Designing AI-based Assistive Technologies.","2022","Science and engineering ethics","https://pubmed.ncbi.nlm.nih.gov/36301408/","https://doi.org/10.1007/s11948-022-00397-y","strong_keyword"
"34460977","Contextual bias, the democratization of healthcare, and medical artificial intelligence in low- and middle-income countries.","2022","Bioethics","https://pubmed.ncbi.nlm.nih.gov/34460977/","https://doi.org/10.1111/bioe.12927","bias+ai"
"36339512","Considerations in the reliability and fairness audits of predictive models for advance care planning.","2022","Frontiers in digital health","https://pubmed.ncbi.nlm.nih.gov/36339512/","https://doi.org/10.3389/fdgth.2022.943768","bias+ai"
"35012941","Conceptualising fairness: three pillars for medical algorithms and health equity.","2022","BMJ health & care informatics","https://pubmed.ncbi.nlm.nih.gov/35012941/","https://doi.org/10.1136/bmjhci-2021-100459","strong_keyword"
"35489789","Closing the Gaps in Racial Disparities in Critical Limb Ischemia Outcome and Amputation Rates: Proceedings from a Society of Interventional Radiology Foundation Research Consensus Panel.","2022","Journal of vascular and interventional radiology : JVIR","https://pubmed.ncbi.nlm.nih.gov/35489789/","https://doi.org/10.1016/j.jvir.2022.02.010","strong_keyword"
"35958671","Bias or biology? Importance of model interpretation in machine learning studies from electronic health records.","2022","JAMIA open","https://pubmed.ncbi.nlm.nih.gov/35958671/","https://doi.org/10.1093/jamiaopen/ooac063","bias+ai"
"35396996","Assessing socioeconomic bias in machine learning algorithms in health care: a case study of the HOUSES index.","2022","Journal of the American Medical Informatics Association : JAMIA","https://pubmed.ncbi.nlm.nih.gov/35396996/","https://doi.org/10.1093/jamia/ocac052","strong_keyword"
"35688612","Artificial intelligence in gastroenterology and hepatology: how to advance clinical practice while ensuring health equity.","2022","Gut","https://pubmed.ncbi.nlm.nih.gov/35688612/","https://doi.org/10.1136/gutjnl-2021-326271","strong_keyword"
"35609495","Artificial intelligence for prediction of treatment outcomes in breast cancer: Systematic review of design, reporting standards, and bias.","2022","Cancer treatment reviews","https://pubmed.ncbi.nlm.nih.gov/35609495/","https://doi.org/10.1016/j.ctrv.2022.102410","bias+ai"
"36450391","Artificial intelligence and health inequities in primary care: a systematic scoping review and framework.","2022","Family medicine and community health","https://pubmed.ncbi.nlm.nih.gov/36450391/","https://doi.org/10.1136/fmch-2022-001670","strong_keyword"
"35652218","Artificial Intelligence and Machine Learning Technologies in Cancer Care: Addressing Disparities, Bias, and Data Diversity.","2022","Cancer discovery","https://pubmed.ncbi.nlm.nih.gov/35652218/","https://doi.org/10.1158/2159-8290.CD-22-0373","bias+ai"
"35228172","An artificial intelligence framework and its bias for brain tumor segmentation: A narrative review.","2022","Computers in biology and medicine","https://pubmed.ncbi.nlm.nih.gov/35228172/","https://doi.org/10.1016/j.compbiomed.2022.105273","bias+ai"
"36396503","Algorithmic bias in health care: Opportunities for nurses to improve equality in the age of artificial intelligence.","2022","Nursing outlook","https://pubmed.ncbi.nlm.nih.gov/36396503/","https://doi.org/10.1016/j.outlook.2022.09.003","strong_keyword"
"35747275","Algorithmic Discrimination in Health Care: An EU Law Perspective.","2022","Health and human rights","https://pubmed.ncbi.nlm.nih.gov/35747275/","","strong_keyword"
"35878534","Age, sex and race bias in automated arrhythmia detectors.","2022","Journal of electrocardiology","https://pubmed.ncbi.nlm.nih.gov/35878534/","https://doi.org/10.1016/j.jelectrocard.2022.07.007","strong_keyword"
"35579328","A bias evaluation checklist for predictive models and its pilot application for 30-day hospital readmission models.","2022","Journal of the American Medical Informatics Association : JAMIA","https://pubmed.ncbi.nlm.nih.gov/35579328/","https://doi.org/10.1093/jamia/ocac065","bias+ai"
"33713239","Towards a pragmatist dealing with algorithmic bias in medical machine learning.","2021","Medicine, health care, and philosophy","https://pubmed.ncbi.nlm.nih.gov/33713239/","https://doi.org/10.1007/s11019-021-10008-5","strong_keyword"
"32833747","Towards Equitable AI Interventions for People Who Use Drugs: Key Areas That Require Ethical Investment.","2021","Journal of addiction medicine","https://pubmed.ncbi.nlm.nih.gov/32833747/","https://doi.org/10.1097/ADM.0000000000000722","strong_keyword"
"34573790","The Problem of Fairness in Synthetic Healthcare Data.","2021","Entropy (Basel, Switzerland)","https://pubmed.ncbi.nlm.nih.gov/34573790/","https://doi.org/10.3390/e23091165","bias+ai"
"33315263","The Emerging Hazard of AI-Related Health Care Discrimination.","2021","The Hastings Center report","https://pubmed.ncbi.nlm.nih.gov/33315263/","https://doi.org/10.1002/hast.1203","bias+ai"
"34454035","Sex-tailored pharmacology and COVID-19: Next steps towards appropriateness and health equity.","2021","Pharmacological research","https://pubmed.ncbi.nlm.nih.gov/34454035/","https://doi.org/10.1016/j.phrs.2021.105848","strong_keyword"
"34244270","Protocol for development of a reporting guideline (TRIPOD-AI) and risk of bias tool (PROBAST-AI) for diagnostic and prognostic prediction model studies based on artificial intelligence.","2021","BMJ open","https://pubmed.ncbi.nlm.nih.gov/34244270/","https://doi.org/10.1136/bmjopen-2020-048008","bias+ai"
"33369050","For a critical appraisal of artificial intelligence in healthcare: The problem of bias in mHealth.","2021","Journal of evaluation in clinical practice","https://pubmed.ncbi.nlm.nih.gov/33369050/","https://doi.org/10.1111/jep.13528","bias+ai"
"35571559","Federated Adversarial Debiasing for Fair and Transferable Representations.","2021","KDD : proceedings. International Conference on Knowledge Discovery & Data Mining","https://pubmed.ncbi.nlm.nih.gov/35571559/","https://doi.org/10.1145/3447548.3467281","strong_keyword"
"34451100","Explainable Artificial Intelligence for Bias Detection in COVID CT-Scan Classifiers.","2021","Sensors (Basel, Switzerland)","https://pubmed.ncbi.nlm.nih.gov/34451100/","https://doi.org/10.3390/s21165657","strong_keyword"
"34567966","Ethics of artificial intelligence in global health: Explainability, algorithmic bias and trust.","2021","Journal of oral biology and craniofacial research","https://pubmed.ncbi.nlm.nih.gov/34567966/","https://doi.org/10.1016/j.jobcr.2021.09.004","strong_keyword"
"33856478","Comparison of Methods to Reduce Bias From Clinical Prediction Models of Postpartum Depression.","2021","JAMA network open","https://pubmed.ncbi.nlm.nih.gov/33856478/","https://doi.org/10.1001/jamanetworkopen.2021.3909","bias+ai"
"33691020","CheXclusion: Fairness gaps in deep chest X-ray classifiers.","2021","Pacific Symposium on Biocomputing. Pacific Symposium on Biocomputing","https://pubmed.ncbi.nlm.nih.gov/33691020/","","bias+ai"
"33459685","COVID-19 diagnosis from chest X-ray images using transfer learning: Enhanced performance by debiasing dataloader.","2021","Journal of X-ray science and technology","https://pubmed.ncbi.nlm.nih.gov/33459685/","https://doi.org/10.3233/XST-200757","strong_keyword"
"33220494","An empirical characterization of fair machine learning for clinical risk prediction.","2021","Journal of biomedical informatics","https://pubmed.ncbi.nlm.nih.gov/33220494/","https://doi.org/10.1016/j.jbi.2020.103621","strong_keyword"
"34811466","Advancing health equity with artificial intelligence.","2021","Journal of public health policy","https://pubmed.ncbi.nlm.nih.gov/34811466/","https://doi.org/10.1057/s41271-021-00319-5","strong_keyword"
"34693373","Addressing bias in big data and AI for health care: A call for open science.","2021","Patterns (New York, N.Y.)","https://pubmed.ncbi.nlm.nih.gov/34693373/","https://doi.org/10.1016/j.patter.2021.100347","bias+ai"
"32012005","Unsupervised Domain Adaptation to Classify Medical Images Using Zero-Bias Convolutional Auto-Encoders and Context-Based Feature Augmentation.","2020","IEEE transactions on medical imaging","https://pubmed.ncbi.nlm.nih.gov/32012005/","https://doi.org/10.1109/TMI.2020.2971258","bias+ai"
"32607482","Stigma, biomarkers, and algorithmic bias: recommendations for precision behavioral health with artificial intelligence.","2020","JAMIA open","https://pubmed.ncbi.nlm.nih.gov/32607482/","https://doi.org/10.1093/jamiaopen/ooz054","strong_keyword"
"32529043","Sex and gender differences and biases in artificial intelligence for biomedicine and healthcare.","2020","NPJ digital medicine","https://pubmed.ncbi.nlm.nih.gov/32529043/","https://doi.org/10.1038/s41746-020-0288-5","bias+ai"
"32821854","Predictably unequal: understanding and addressing concerns that algorithmic clinical prediction may increase health disparities.","2020","NPJ digital medicine","https://pubmed.ncbi.nlm.nih.gov/32821854/","https://doi.org/10.1038/s41746-020-0304-9","strong_keyword"
"32457147","Gender imbalance in medical imaging datasets produces biased classifiers for computer-aided diagnosis.","2020","Proceedings of the National Academy of Sciences of the United States of America","https://pubmed.ncbi.nlm.nih.gov/32457147/","https://doi.org/10.1073/pnas.1919012117","bias+ai"
"33332380","Artificial Intelligence in mental health and the biases of language based models.","2020","PloS one","https://pubmed.ncbi.nlm.nih.gov/33332380/","https://doi.org/10.1371/journal.pone.0240376","bias+ai"
"33328028","Addressing bias: artificial intelligence in cardiovascular medicine.","2020","The Lancet. Digital health","https://pubmed.ncbi.nlm.nih.gov/33328028/","https://doi.org/10.1016/S2589-7500(20)30249-1","bias+ai"
"33090117","A Racially Unbiased, Machine Learning Approach to Prediction of Mortality: Algorithm Development Study.","2020","JMIR public health and surveillance","https://pubmed.ncbi.nlm.nih.gov/33090117/","https://doi.org/10.2196/22400","bias+ai"
"30947901","The Role of the ACR Data Science Institute in Advancing Health Equity in Radiology.","2019","Journal of the American College of Radiology : JACR","https://pubmed.ncbi.nlm.nih.gov/30947901/","https://doi.org/10.1016/j.jacr.2018.12.038","strong_keyword"
"31649194","Dissecting racial bias in an algorithm used to manage the health of populations.","2019","Science (New York, N.Y.)","https://pubmed.ncbi.nlm.nih.gov/31649194/","https://doi.org/10.1126/science.aax2342","strong_keyword"
"30794127","Can AI Help Reduce Disparities in General Medical and Mental Health Care?","2019","AMA journal of ethics","https://pubmed.ncbi.nlm.nih.gov/30794127/","https://doi.org/10.1001/amajethics.2019.167","bias+ai"
"31788229","Artificial intelligence and algorithmic bias: implications for health systems.","2019","Journal of global health","https://pubmed.ncbi.nlm.nih.gov/31788229/","https://doi.org/10.7189/jogh.09.020318","strong_keyword"
"30383423","Bias From Potentially Mischievous Responders on Large-Scale Estimates of Lesbian, Gay, Bisexual, or Questioning (LGBQ)-Heterosexual Youth Health Disparities.","2018","American journal of public health","https://pubmed.ncbi.nlm.nih.gov/30383423/","https://doi.org/10.2105/AJPH.2018.304407","strong_keyword"
